Time,CO*,O*,O2*,*,R_CO,R_O2,R_CO2
0.0,0.0,0.0,0.0,1.0,-0.15891840607210622,-0.35934535104364324,-0.003557874762808348
0.1,0.016366223908918405,0.06878557874762808,0.0,0.9148481973434535,-0.17314990512333964,-0.3308823529411764,0.008301707779886147
0.2,0.0329696394686907,0.13069259962049337,0.0,0.8363377609108159,-0.15713946869070203,-0.2840370018975331,0.017789373814041737
0.30000000000000004,0.04423624288425047,0.178842504743833,0.0,0.7769212523719166,-0.1559535104364326,-0.23719165085388993,0.024312144212523725
0.4,0.059297912713472484,0.2207068311195446,0.0,0.7199952561669829,-0.172556925996205,-0.22355313092979132,0.03498576850094878
0.5,0.0717504743833017,0.2612666034155598,0.0,0.6669829222011385,-0.1642552182163189,-0.20694971537001908,0.06700664136622393
0.6,0.07874762808349146,0.2900853889943074,0.0,0.6311669829222012,-0.1583254269449716,-0.19686907020872876,0.10021347248576853
0.7,0.08337286527514232,0.3199715370018975,0.0,0.5966555977229602,-0.14112903225806453,-0.18500948766603414,0.10673624288425052
0.7999999999999999,0.08562618595825428,0.34274193548387094,0.0,0.5716318785578748,-0.13045540796963948,-0.17018500948766616,0.10910815939278942
0.8999999999999999,0.08764231499051234,0.36622390891840606,0.0,0.5461337760910816,-0.138164136622391,-0.17314990512333978,0.11503795066413665
0.9999999999999999,0.09025142314990513,0.3889943074003795,0.0,0.5207542694497154,-0.1399430740037952,-0.15536053130929792,0.1322343453510437
1.0999999999999999,0.08918406072106262,0.4019212523719165,0.0,0.5088946869070209,-0.1334203036053131,-0.15654648956356737,0.1500237191650854
1.2,0.08693074003795066,0.4216081593927894,0.0,0.49146110056925996,-0.1286764705882352,-0.16306925996204913,0.14350094876660335
1.3,0.08621916508538899,0.4384487666034156,0.0,0.47533206831119545,-0.12986242884250462,-0.148244781783681,0.13342030360531298
1.4000000000000001,0.08621916508538899,0.45422201138519924,0.0,0.45955882352941174,-0.1268975332068309,-0.13935009487666034,0.1411290322580643
1.5000000000000002,0.08337286527514232,0.4659629981024668,0.0,0.4506641366223909,-0.12630455407969618,-0.13994307400379508,0.15713946869070197
1.6000000000000003,0.08005218216318785,0.47877134724857684,0.0,0.4411764705882353,-0.12333965844402277,-0.14290796963946847,0.14409392789373804
1.7000000000000004,0.07922201138519924,0.49430740037950666,0.0,0.4264705882352941,-0.12096774193548387,-0.1381641366223907,0.1458728652751422
1.8000000000000005,0.07507115749525617,0.5048624288425048,0.0,0.42006641366223907,-0.1411290322580643,-0.13045540796963948,0.14468690702087275
1.9000000000000006,0.07851043643263757,0.5175521821631879,0.0,0.40393738140417457,-0.15180265654649,-0.12274667931688826,0.14112903225806472
2.0000000000000004,0.07720588235294118,0.5257352941176471,0.0,0.39705882352941174,-0.13994307400379485,-0.12630455407969596,0.15713946869070197
2.1000000000000005,0.07507115749525617,0.536646110056926,0.0,0.38828273244781786,-0.12333965844402277,-0.12511859582542695,0.15239563567362407
2.2000000000000006,0.07139468690702087,0.545303605313093,0.0,0.38330170777988615,-0.12274667931688783,-0.11978178368121442,0.14468690702087286
2.3000000000000007,0.0706831119544592,0.5556214421252372,0.0,0.3736954459203036,-0.1387571157495254,-0.11148007590132827,0.12808349146110057
2.400000000000001,0.07352941176470588,0.5642789373814042,0.0,0.36219165085388993,-0.12808349146110057,-0.10910815939278938,0.1387571157495254
2.500000000000001,0.06854838709677419,0.5715132827324478,0.0,0.359938330170778,-0.11740986717267553,-0.11978178368121399,0.14468690702087264
2.600000000000001,0.06807400379506641,0.5832542694497154,0.0,0.34867172675521824,-0.13223434535104342,-0.12274667931688761,0.15595351043643263
2.700000000000001,0.06380455407969639,0.5894212523719166,0.0,0.3467741935483871,-0.1393500948766601,-0.11800284629981024,0.16188330170777968
2.800000000000001,0.0635673624288425,0.5980787476280834,0.0,0.338353889943074,-0.12986242884250473,-0.11563092979127135,0.1411290322580643
2.9000000000000012,0.06155123339658444,0.6074478178368121,0.0,0.3310009487666034,-0.12452561669829222,-0.11503795066413662,0.13994307400379508
3.0000000000000013,0.06048387096774194,0.6161053130929791,0.0,0.32341081593927895,-0.1310483870967742,-0.11622390891840607,0.14468690702087264
3.1000000000000014,0.058823529411764705,0.625,0.0,0.3161764705882353,-0.13935009487665992,-0.11740986717267553,0.14290796963946847
3.2000000000000015,0.05977229601518026,0.6344876660341556,0.0,0.3057400379506641,-0.13164136622390848,-0.10436432637571158,0.14231499051233396
3.3000000000000016,0.056688804554079694,0.6382827324478179,0.0,0.3050284629981025,-0.13164136622390893,-0.0978415559772296,0.14112903225806453
3.4000000000000017,0.05787476280834915,0.6453984819734345,0.0,0.29672675521821634,-0.1334203036053131,-0.10495730550284586,0.13519924098671726
3.5000000000000018,0.056333017077798864,0.6532258064516129,0.0,0.29044117647058826,-0.12867647058823528,-0.10080645161290279,0.14112903225806409
3.600000000000002,0.0553842504743833,0.6574952561669829,0.0,0.28712049335863377,-0.1168168880455408,-0.08776091081593927,0.13816413662239047
3.700000000000002,0.05206356736242884,0.6606973434535104,0.0,0.2872390891840607,-0.10555028462998102,-0.09131878557874763,0.12571157495256166
3.800000000000002,0.051351992409867174,0.6688804554079696,0.0,0.2797675521821632,-0.11740986717267553,-0.09606261859582543,0.12037476280834915
3.900000000000002,0.051470588235294115,0.6750474383301708,0.0,0.2734819734345351,-0.11325901328273245,-0.0865749525616694,0.11918880455407926
4.000000000000002,0.05016603415559772,0.6796726755218216,0.0,0.2701612903225806,-0.11681688804554123,-0.08301707779886149,0.11029411764705925
4.100000000000001,0.05277514231499051,0.6861954459203036,0.0,0.2610294117647059,-0.12986242884250518,-0.08776091081593972,0.11918880455408012
4.200000000000001,0.05230075901328273,0.6909392789373814,0.0,0.2567599620493359,-0.1328273244781788,-0.08716793168880499,0.13401328273244825
4.300000000000001,0.05253795066413662,0.6942599620493358,0.0,0.2532020872865275,-0.12926944971537044,-0.09369070208728696,0.12274667931688847
4.4,0.053605313092979126,0.7038662239089184,0.0,0.24252846299810246,-0.12630455407969682,-0.0972485768500953,0.1304554079696399
4.5,0.051707779886148005,0.7070683111954459,0.0,0.24122390891840606,-0.1209677419354843,-0.0764943074003795,0.14112903225806495
4.6,0.049573055028463,0.7062381404174574,0.0,0.2441888045540797,-0.12156072106261903,-0.07945920303605357,0.13401328273244825
4.699999999999999,0.04921726755218216,0.7120493358633776,0.0,0.23873339658444023,-0.12689753320683156,-0.08894686907020916,0.13757115749525659
4.799999999999999,0.04743833017077799,0.7143026565464896,0.0,0.23825901328273244,-0.12037476280834958,-0.0859819734345351,0.1328273244781788
4.899999999999999,0.04672675521821632,0.719876660341556,0.0,0.2333965844402277,-0.12215370018975376,-0.08598197343453554,0.1185958254269454
4.999999999999998,0.04814990512333966,0.7249762808349146,0.0,0.22687381404174572,-0.11681688804554123,-0.07649430740037994,0.11503795066413705
5.099999999999998,0.04708254269449715,0.7274667931688804,0.0,0.2254506641366224,-0.11503795066413705,-0.0717504743833017,0.11800284629981068
5.1999999999999975,0.04755692599620493,0.7300759013282733,0.0,0.22236717267552183,-0.11740986717267596,-0.07590132827324521,0.12274667931688847
5.299999999999997,0.04601518026565465,0.7332779886148008,0.0,0.2207068311195446,-0.10851518026565508,-0.07471537001897577,0.11503795066413705
5.399999999999997,0.046252371916508536,0.736954459203036,0.0,0.2167931688804554,-0.12452561669829265,-0.08005218216318785,0.11503795066413705
5.4999999999999964,0.04791271347248577,0.7422912713472486,0.0,0.20979601518026567,-0.12749051233396627,-0.07708728652751423,0.12511859582542736
5.599999999999996,0.04672675521821632,0.7427656546489564,0.0,0.21050759013282733,-0.11325901328273288,-0.07412239089184104,0.1185958254269454
5.699999999999996,0.04684535104364326,0.7482210626185958,0.0,0.2049335863377609,-0.11503795066413705,-0.08123814041745774,0.11918880455408012
5.799999999999995,0.045896584440227706,0.7514231499051234,0.0,0.20268026565464894,-0.10555028462998145,-0.07412239089184061,0.12393263757115792
5.899999999999995,0.04316888045540797,0.7530834914611005,0.0,0.20374762808349145,-0.10080645161290366,-0.07175047438330213,0.12274667931688847
5.999999999999995,0.04150853889943074,0.7555740037950665,0.0,0.20291745730550284,-0.11503795066413662,-0.07471537001897577,0.1233396584440232
6.099999999999994,0.04150853889943074,0.7583017077798861,0.0,0.20018975332068312,-0.1144449715370019,-0.06997153700189754,0.12215370018975376
6.199999999999994,0.03996679316888046,0.7591318785578748,0.0,0.20090132827324478,-0.10258538899430826,-0.07590132827324521,0.10910815939278981
6.299999999999994,0.04020398481973435,0.7668406072106262,0.0,0.19295540796963948,-0.10792220113852079,-0.07530834914611048,0.1019924098671731
6.399999999999993,0.041152751423149905,0.7688567362428842,0.0,0.18999051233396586,-0.1097011385199241,-0.06937855787476281,0.1049573055028463
6.499999999999993,0.041152751423149905,0.773600569259962,0.0,0.18524667931688804,-0.1025853889943074,-0.07056451612903226,0.11385199240986804
6.5999999999999925,0.03889943074003795,0.7743121442125237,0.0,0.18678842504743834,-0.10377134724857771,-0.06937855787476281,0.11148007590132913
6.699999999999992,0.03961100569259962,0.7790559772296015,0.0,0.18133301707779886,-0.11503795066413748,-0.07175047438330256,0.10317836812144213
6.799999999999992,0.04127134724857685,0.782376660341556,0.0,0.17635199240986718,-0.11148007590132827,-0.07293643263757202,0.11088709677419355
6.8999999999999915,0.03972960151802656,0.7860531309297912,0.0,0.17421726755218217,-0.10673624288425047,-0.06997153700189754,0.11266603415559773
6.999999999999991,0.0400853889943074,0.7878320683111955,0.0,0.17208254269449716,-0.11444497153700275,-0.05751897533206831,0.10436432637571244
7.099999999999991,0.04174573055028463,0.7881878557874763,0.0,0.1700664136622391,-0.11029411764705968,-0.06285578747628083,0.10792220113852079
7.19999999999999,0.04055977229601518,0.7913899430740038,0.0,0.16805028462998103,-0.11978178368121442,-0.06878557874762808,0.1263045540796964
7.29999999999999,0.04044117647058824,0.7904411764705882,0.0,0.16911764705882354,-0.12689753320683111,-0.07234345351043643,0.13816413662239088
7.39999999999999,0.038306451612903226,0.7926944971537002,0.0,0.1689990512333966,-0.10851518026565465,-0.0699715370018984,0.11918880455408055
7.499999999999989,0.038306451612903226,0.7945920303605313,0.0,0.16710151802656548,-0.11325901328273331,-0.06226280834914697,0.10377134724857771
7.599999999999989,0.04020398481973435,0.7968453510436433,0.0,0.1629506641366224,-0.12156072106261946,-0.06404174573055028,0.10673624288425047
7.699999999999989,0.04127134724857685,0.7988614800759013,0.0,0.15986717267552183,-0.11622390891840607,-0.061669829222011384,0.1073292220113852
7.799999999999988,0.04198292220113852,0.8000474383301708,0.0,0.1579696394686907,-0.11859582542694497,-0.06463472485768501,0.10970113851992497
7.899999999999988,0.04305028462998103,0.8027751423149905,0.0,0.15417457305502846,-0.10792220113852079,-0.06937855787476281,0.11681688804554166
7.999999999999988,0.04020398481973435,0.8044354838709677,0.0,0.15536053130929792,-0.09962049335863464,-0.0670066413662239,0.1215607210626186
8.099999999999987,0.038662239089184064,0.8052656546489564,0.0,0.15607210626185958,-0.1144449715370019,-0.06344876660341556,0.11385199240986717
8.199999999999987,0.04032258064516129,0.8070445920303605,0.0,0.15263282732447817,-0.11325901328273245,-0.0652277039848206,0.10910815939279024
8.299999999999986,0.03949240986717267,0.8095351043643264,0.0,0.15097248576850095,-0.0930977229601518,-0.0581119544592039,0.10377134724857771
8.399999999999986,0.03818785578747628,0.8095351043643264,0.0,0.15227703984819735,-0.0960626185958263,-0.05158918406072106,0.10377134724857685
8.499999999999986,0.03795066413662239,0.8094165085388995,0.0,0.15263282732447817,-0.11207305502846386,-0.05218216318785579,0.10910815939278938
8.599999999999985,0.038780834914611005,0.8085863377609108,0.0,0.15263282732447817,-0.1144449715370019,-0.05277514231499051,0.1097011385199241
8.699999999999985,0.03889943074003795,0.8085863377609108,0.0,0.15251423149905124,-0.11503795066413662,-0.06048387096774194,0.11148007590132913
8.799999999999985,0.03949240986717267,0.8104838709677419,0.0,0.1500237191650854,-0.11563092979127221,-0.06878557874762808,0.11444497153700275
8.899999999999984,0.03913662239089184,0.8132115749525617,0.0,0.14765180265654648,-0.10792220113852079,-0.06344876660341556,0.11325901328273245
8.999999999999984,0.03842504743833017,0.8132115749525617,0.0,0.14836337760910817,-0.11148007590132827,-0.06641366223909005,0.10614326375711575
9.099999999999984,0.04020398481973435,0.8185483870967742,0.0,0.14124762808349145,-0.10614326375711575,-0.07412239089184147,0.11266603415559859
9.199999999999983,0.03712049335863377,0.8203273244781784,0.0,0.14255218216318785,-0.11148007590132913,-0.06582068311195446,0.12393263757115835
9.299999999999983,0.0377134724857685,0.8200901328273245,0.0,0.142196394686907,-0.12215370018975419,-0.05989089184060721,0.11978178368121442
9.399999999999983,0.03759487666034156,0.8203273244781784,0.0,0.1420777988614801,-0.11800284629981024,-0.053961100569259964,0.1144449715370019
9.499999999999982,0.03842504743833017,0.818785578747628,0.0,0.14278937381404175,-0.1215607210626186,-0.05455407969639469,0.12096774193548473
9.599999999999982,0.0377134724857685,0.8179554079696395,0.0,0.14433111954459202,-0.11918880455408055,-0.07352941176470588,0.11622390891840693
9.699999999999982,0.039018026565464894,0.8249525616698292,0.0,0.13602941176470587,-0.11681688804554166,-0.07293643263757116,0.11266603415559773
9.799999999999981,0.038543643263757116,0.8245967741935484,0.0,0.1368595825426945,-0.11859582542694497,-0.05989089184060807,0.1168168880455408
9.89999999999998,0.03937381404174573,0.825545540796964,0.0,0.1350806451612903,-0.112073055028463,-0.058704933586338624,0.12393263757115835
9.99999999999998,0.036171726755218216,0.823292220113852,0.0,0.1405360531309298,-0.1073292220113852,-0.05514705882352941,0.11385199240986804
10.09999999999998,0.03806925996204934,0.8248339658444023,0.0,0.13709677419354838,-0.11148007590132913,-0.05218216318785579,0.0978415559772296
10.19999999999998,0.03889943074003795,0.8245967741935484,0.0,0.13650379506641366,-0.11385199240986804,-0.05455407969639469,0.10436432637571158
10.29999999999998,0.03996679316888046,0.8257827324478179,0.0,0.1342504743833017,-0.11740986717267553,-0.05751897533206831,0.11622390891840607
10.399999999999979,0.03913662239089184,0.8241223908918406,0.00011859582542694497,0.1366223908918406,-0.11088709677419355,-0.04981024667931689,0.12452561669829308
10.499999999999979,0.03723908918406072,0.8208017077798861,0.0,0.14195920303605314,-0.1055502846299819,-0.04447343453510436,0.11385199240986804
10.599999999999978,0.03747628083491461,0.8193785578747628,0.0,0.1431451612903226,-0.10258538899430826,-0.055740037950665,0.12096774193548387
10.699999999999978,0.033562618595825426,0.818904174573055,0.0,0.14753320683111953,-0.11088709677419355,-0.061076850094877524,0.12511859582542695
10.799999999999978,0.03462998102466793,0.818785578747628,0.0,0.14658444022770398,-0.11859582542694497,-0.05574003795066414,0.10436432637571244
10.899999999999977,0.036408918406072105,0.8203273244781784,0.0,0.1432637571157495,-0.10792220113852079,-0.05336812144212524,0.10495730550284717
10.999999999999977,0.03522296015180266,0.8191413662239089,0.0,0.14563567362428842,-0.11563092979127221,-0.061669829222011384,0.11088709677419355
11.099999999999977,0.03735768500948767,0.8228178368121443,0.0,0.13982447817836813,-0.12274667931688804,-0.06641366223908918,0.10673624288425047
11.199999999999976,0.03842504743833017,0.8243595825426945,0.0,0.13721537001897532,-0.1073292220113852,-0.06522770398481974,0.09902751423149905
11.299999999999976,0.039018026565464894,0.8291034155597723,0.0,0.1318785578747628,-0.09724857685009487,-0.06404174573055028,0.09665559772296102
11.399999999999975,0.038543643263757116,0.8306451612903226,0.0,0.1308111954459203,-0.09784155597723046,-0.06344876660341642,0.11444497153700275
11.499999999999975,0.03569734345351044,0.8315939278937381,0.0,0.13270872865275143,-0.1055502846299819,-0.06700664136622478,0.1168168880455408
11.599999999999975,0.036290322580645164,0.834084440227704,0.0,0.12962523719165087,-0.1049573055028463,-0.06819259962049336,0.10080645161290322
11.699999999999974,0.03652751423149905,0.8387096774193549,0.0,0.1247628083491461,-0.10673624288425047,-0.0670066413662239,0.10199240986717353
11.799999999999974,0.03723908918406072,0.840488614800759,0.0,0.12227229601518026,-0.11563092979127221,-0.06048387096774194,0.11444497153700275
11.899999999999974,0.03676470588235294,0.8400142314990512,0.0,0.12322106261859582,-0.11740986717267639,-0.053961100569259964,0.11978178368121442
11.999999999999973,0.03676470588235294,0.8381166982922201,0.0,0.12511859582542695,-0.11266603415559773,-0.05158918406072106,0.1073292220113852
12.099999999999973,0.03783206831119545,0.8391840607210627,0.0,0.12298387096774194,-0.09487666034155598,-0.058704933586337764,0.08716793168880456
12.199999999999973,0.038306451612903226,0.8441650853889943,0.0,0.11752846299810246,-0.0954696394686907,-0.058704933586337764,0.09962049335863464
12.299999999999972,0.03700189753320683,0.842741935483871,0.0,0.1202561669829222,-0.10317836812144299,-0.05514705882353028,0.11207305502846386
12.399999999999972,0.03652751423149905,0.8438092979127134,0.0,0.11966318785578747,-0.1055502846299819,-0.051589184060721924,0.10139943074003795
12.499999999999972,0.03783206831119545,0.8430977229601518,0.0,0.11907020872865275,-0.112073055028463,-0.04506641366223909,0.11503795066413662
12.599999999999971,0.035934535104364326,0.8388282732447818,0.0,0.1252371916508539,-0.1073292220113852,-0.05218216318785579,0.11088709677419441
12.69999999999997,0.03712049335863377,0.8417931688804554,0.0,0.12108633776091082,-0.11029411764705968,-0.06344876660341556,0.09546963946869157
12.79999999999997,0.03889943074003795,0.8451138519924098,0.0,0.11598671726755218,-0.10317836812144299,-0.056925996204933584,0.11503795066413662
12.89999999999997,0.03474857685009488,0.8415559772296015,0.0,0.12369544592030361,-0.10080645161290322,-0.04981024667931689,0.1168168880455408
12.99999999999997,0.03569734345351044,0.8416745730550285,0.0,0.1226280834914611,-0.11148007590132827,-0.053961100569259964,0.10317836812144213
13.09999999999997,0.036408918406072105,0.8425047438330171,0.0,0.12108633776091082,-0.10673624288425047,-0.0581119544592039,0.1013994307400388
13.199999999999969,0.03676470588235294,0.844639468690702,0.0,0.11859582542694497,-0.1073292220113852,-0.0581119544592039,0.11029411764705968
13.299999999999969,0.03581593927893738,0.8436907020872866,0.0,0.1204933586337761,-0.10792220113851993,-0.05158918406072106,0.1144449715370019
13.399999999999968,0.03546015180265655,0.8423861480075902,0.0,0.12215370018975331,-0.10021347248577023,-0.04684535104364326,0.10199240986717267
13.499999999999968,0.03546015180265655,0.8420303605313093,0.0,0.12250948766603416,-0.09428368121442297,-0.043880455407969636,0.09665559772296015
13.599999999999968,0.03498576850094877,0.8406072106261859,0.0,0.12440702087286527,-0.09902751423149905,-0.04684535104364326,0.0930977229601518
13.699999999999967,0.036646110056925994,0.8421489563567363,0.0,0.12120493358633776,-0.11859582542694497,-0.04269449715370019,0.10199240986717267
13.799999999999967,0.038306451612903226,0.8372865275142315,0.0,0.12440702087286527,-0.11029411764705882,-0.048031309297912717,0.1138519924098689
13.899999999999967,0.035934535104364326,0.8385910815939279,0.0,0.1254743833017078,-0.10139943074003795,-0.05158918406072106,0.1043643263757133
13.999999999999966,0.0377134724857685,0.8370493358633776,0.0,0.1252371916508539,-0.11325901328273245,-0.04921726755218216,0.09487666034155598
14.099999999999966,0.03961100569259962,0.8393026565464896,0.0,0.12108633776091082,-0.10910815939278938,-0.06166982922201225,0.09487666034155598
14.199999999999966,0.04055977229601518,0.842741935483871,0.0,0.11669829222011385,-0.10673624288425047,-0.06285578747628169,0.10792220113851993
14.299999999999965,0.03937381404174573,0.842860531309298,0.0,0.11776565464895636,-0.1067362428842522,-0.06107685009487666,0.11800284629981024
14.399999999999965,0.038306451612903226,0.8435721062618596,0.0,0.11812144212523719,-0.10851518026565637,-0.06226280834914611,0.11385199240986717
14.499999999999964,0.038306451612903226,0.8449952561669829,0.0,0.11669829222011385,-0.10614326375711575,-0.04981024667931689,0.11088709677419355
14.599999999999964,0.03735768500948767,0.8413187855787476,0.0,0.1213235294117647,-0.11148007590132827,-0.04506641366223909,0.1073292220113852
14.699999999999964,0.03913662239089184,0.8415559772296015,0.0,0.11930740037950664,-0.10851518026565465,-0.04981024667931689,0.10732922201138692
14.799999999999963,0.03759487666034156,0.8397770398481973,0.0,0.1226280834914611,-0.10851518026565465,-0.056333017077798864,0.11148007590133
14.899999999999963,0.038543643263757116,0.8417931688804554,0.0,0.11966318785578747,-0.1073292220113852,-0.059297912713472484,0.10792220113851993
14.999999999999963,0.03747628083491461,0.8419117647058824,0.0,0.12061195445920303,-0.1049573055028463,-0.05218216318785665,0.10555028462998102
15.099999999999962,0.03842504743833017,0.8415559772296015,0.0,0.12001897533206832,-0.11325901328273245,-0.050996204933587204,0.1168168880455408
15.199999999999962,0.03676470588235294,0.8389468690702088,0.0,0.12428842504743833,-0.10080645161290322,-0.05751897533206831,0.1191888045540797
15.299999999999962,0.03474857685009488,0.8407258064516129,0.0,0.12452561669829222,-0.10080645161290495,-0.058704933586337764,0.1049573055028463
15.399999999999961,0.035934535104364326,0.8414373814041746,0.0,0.1226280834914611,-0.11148007590133,-0.053961100569259964,0.10614326375711575
15.499999999999961,0.03581593927893738,0.8410815939278937,0.0,0.12310246679316889,-0.10614326375711575,-0.05218216318785579,0.11148007590132827
15.59999999999996,0.03486717267552182,0.8400142314990512,0.0,0.12511859582542695,-0.1049573055028463,-0.05574003795066414,0.10495730550284803
15.69999999999996,0.03581593927893738,0.8423861480075902,0.0,0.12179791271347248,-0.10377134724857685,-0.056925996204933584,0.10377134724857857
15.79999999999996,0.03486717267552182,0.8420303605313093,0.0,0.12310246679316889,-0.10199240986717267,-0.05751897533206831,0.09843453510436433
15.89999999999996,0.03652751423149905,0.8457068311195446,0.0,0.11776565464895636,-0.11088709677419355,-0.06344876660341642,0.10910815939278938
15.99999999999996,0.03522296015180266,0.8455882352941176,0.0,0.1191888045540797,-0.1097011385199241,-0.05514705882353028,0.1191888045540797
16.09999999999996,0.03462998102466793,0.8439278937381404,0.0,0.12144212523719165,-0.10851518026565465,-0.05811195445920217,0.1049573055028463
16.19999999999996,0.035934535104364326,0.8478415559772297,0.0,0.11622390891840607,-0.1097011385199241,-0.061669829222010523,0.09784155597722788
16.29999999999996,0.03700189753320683,0.849027514231499,0.0,0.11397058823529412,-0.10021347248576677,-0.056333017077797996,0.1008064516129015
16.399999999999963,0.03581593927893738,0.8502134724857685,0.0,0.11397058823529412,-0.10732922201138348,-0.056333017077797996,0.10732922201138348
16.499999999999964,0.03700189753320683,0.8500948766603416,0.0,0.11290322580645161,-0.10614326375711403,-0.05692599620493272,0.11740986717267379
16.599999999999966,0.033562618595825426,0.8495018975332068,0.0,0.11693548387096774,-0.09962049335863205,-0.06463472485768415,0.11681688804553907
16.699999999999967,0.033562618595825426,0.8525853889943074,0.0,0.11385199240986717,-0.1102941176470571,-0.06997153700189666,0.1055502846299793
16.79999999999997,0.03451138519924098,0.8563804554079696,0.0,0.10910815939278938,-0.11148007590132655,-0.06048387096774107,0.09250474383301707
16.89999999999997,0.03735768500948767,0.8582779886148008,0.0,0.10436432637571158,-0.10851518026565465,-0.048624288425046576,0.09902751423149733
16.99999999999997,0.036408918406072105,0.8560246679316889,0.0,0.10756641366223908,-0.1197817836812127,-0.053961100569259096,0.11266603415559599
17.099999999999973,0.038780834914611005,0.8573292220113852,0.0,0.1038899430740038,-0.12096774193548214,-0.053368121442124376,0.1102941176470571
17.199999999999974,0.038543643263757116,0.8553130929791272,0.0,0.10614326375711575,-0.10910815939278765,-0.053961100569259096,0.11800284629980852
17.299999999999976,0.03700189753320683,0.8553130929791272,0.0,0.10768500948766603,-0.10377134724857512,-0.06700664136622304,0.1221537001897516
17.399999999999977,0.03486717267552182,0.857685009487666,0.0,0.10744781783681215,-0.10792220113851819,-0.0681925996204925,0.1102941176470571
17.49999999999998,0.03652751423149905,0.8605313092979127,0.0,0.10294117647058823,-0.11740986717267379,-0.05692599620493272,0.10792220113851819
17.59999999999998,0.03676470588235294,0.8588709677419355,0.0,0.10436432637571158,-0.11918880455407797,-0.04981024667931602,0.11681688804553907
17.69999999999998,0.03700189753320683,0.8570920303605313,0.0,0.10590607210626186,-0.1102941176470571,-0.053961100569259096,0.11207305502846127
17.799999999999983,0.036408918406072105,0.8580407969639469,0.0,0.10555028462998102,-0.1055502846299793,-0.04743833017077799,0.10673624288424875
17.899999999999984,0.03676470588235294,0.8547201138519924,0.0,0.10851518026565465,-0.10139943074003623,-0.04032258064516043,0.11385199240986545
17.999999999999986,0.033918406072106264,0.851399430740038,0.0,0.11468216318785579,-0.09724857685009487,-0.0515891840607202,0.10970113851992237
18.099999999999987,0.034274193548387094,0.853415559772296,0.0,0.11231024667931688,-0.11148007590132655,-0.06048387096774107,0.10317836812144213
18.19999999999999,0.03557874762808349,0.8549573055028463,0.0,0.10946394686907021,-0.11088709677419183,-0.058704933586336897,0.10970113851992237
18.29999999999999,0.03451138519924098,0.8549573055028463,0.0,0.11053130929791272,-0.09428368121441953,-0.053368121442124376,0.10851518026565292
18.39999999999999,0.03273244781783681,0.8546015180265655,0.0,0.11266603415559773,-0.09724857685009315,-0.05514705882352855,0.11622390891840434
18.499999999999993,0.030716318785578747,0.8537713472485768,0.0,0.1155123339658444,-0.10258538899430568,-0.05277514231499051,0.11088709677419183
18.599999999999994,0.03107210626185958,0.8535341555977229,0.0,0.11539373814041745,-0.10792220113851819,-0.053961100569259096,0.09902751423149733
18.699999999999996,0.03249525616698292,0.8555502846299811,0.0,0.11195445920303605,-0.11029411764705882,-0.061669829222010523,0.10495730550284457
18.799999999999997,0.03213946869070209,0.8572106261859582,0.0,0.11064990512333966,-0.1102941176470571,-0.05692599620493272,0.10139943074003623
18.9,0.034274193548387094,0.8580407969639469,0.0,0.10768500948766603,-0.10970113851992237,-0.056333017077797996,0.10851518026565292
19.0,0.03237666034155598,0.8580407969639469,0.0,0.10958254269449716,-0.10495730550284457,-0.0610768500948758,0.10614326375711575
19.1,0.034037001897533205,0.8612428842504743,0.0,0.10472011385199241,-0.10199240986717095,-0.06048387096774107,0.0984345351043626
19.200000000000003,0.03308823529411765,0.8625474383301708,0.0,0.10436432637571158,-0.1055502846299793,-0.06226280834914525,0.10614326375711403
19.300000000000004,0.033918406072106264,0.8649193548387096,0.0,0.10116223908918406,-0.12037476280834743,-0.05751897533206745,0.10673624288424875
19.400000000000006,0.03581593927893738,0.864207779886148,0.0,0.09997628083491461,-0.11266603415559599,-0.04565939278937295,0.10851518026565292
19.500000000000007,0.03474857685009488,0.8614800759013282,0.0,0.10377134724857685,-0.09784155597722788,-0.046252371916507676,0.1055502846299793
19.60000000000001,0.034274193548387094,0.8615986717267552,0.0,0.10412713472485768,-0.09013282732447818,-0.05455407969639382,0.10673624288424875
19.70000000000001,0.031427893738140415,0.861954459203036,0.0,0.10661764705882353,-0.10021347248576677,-0.053368121442124376,0.10199240986717267
19.80000000000001,0.033918406072106264,0.8625474383301708,0.0,0.10353415559772296,-0.10792220113851819,-0.043287476280834916,0.0936907020872848
19.900000000000013,0.034274193548387094,0.8605313092979127,0.0,0.10519449715370019,-0.1102941176470571,-0.03972960151802656,0.10021347248576677
20.000000000000014,0.035934535104364326,0.8583965844402277,0.0,0.10566888045540797,-0.10673624288424875,-0.04210151802656546,0.10495730550284457
20.100000000000016,0.03462998102466793,0.8563804554079696,0.0,0.10898956356736243,-0.10851518026565292,-0.04506641366223736,0.1031783681214404
20.200000000000017,0.03700189753320683,0.855787476280835,0.0,0.10721062618595825,-0.11740986717267379,-0.053961100569258236,0.10673624288424875
20.30000000000002,0.03676470588235294,0.8566176470588235,0.0,0.10661764705882353,-0.10139943074003795,-0.06285578747628083,0.10139943074003623
20.40000000000002,0.03700189753320683,0.8606499051233396,0.0,0.1023481973434535,-0.1031783681214404,-0.058704933586337764,0.10673624288425047
20.50000000000002,0.036053130929791274,0.8587523719165086,0.0,0.10519449715370019,-0.11148007590132655,-0.04743833017077626,0.12156072106261687
20.600000000000023,0.03498576850094877,0.8553130929791272,0.0,0.1097011385199241,-0.11088709677419183,-0.04803130929791099,0.11859582542694325
20.700000000000024,0.03451138519924098,0.8542457305502846,0.0,0.11124288425047438,-0.11859582542694325,-0.04981024667931689,0.11681688804553907
20.800000000000026,0.0353415559772296,0.8518738140417458,0.0,0.11278462998102466,-0.11266603415559599,-0.05158918406072106,0.1150379506641349
20.900000000000027,0.034037001897533205,0.8518738140417458,0.0,0.11408918406072106,-0.1055502846299793,-0.05514705882352941,0.10377134724857512
21.00000000000003,0.03569734345351044,0.8531783681214421,0.0,0.11112428842504744,-0.12037476280834743,-0.05574003795066241,0.10851518026565292
21.10000000000003,0.036408918406072105,0.8524667931688804,0.0,0.11112428842504744,-0.10258538899430568,-0.05455407969639296,0.11088709677419183
21.20000000000003,0.034037001897533205,0.8528225806451613,0.0,0.1131404174573055,-0.08716793168880282,-0.05574003795066414,0.09784155597722788
21.300000000000033,0.034274193548387094,0.8551944971537002,0.0,0.11053130929791272,-0.10851518026565292,-0.059297912713472484,0.1031783681214404
21.400000000000034,0.03510436432637571,0.8559060721062619,0.0,0.10898956356736243,-0.1025853889943074,-0.05692599620493186,0.10970113851992237
21.500000000000036,0.03285104364326376,0.8560246679316889,0.0,0.11112428842504744,-0.08953984819734173,-0.05692599620493186,0.11029411764705882
21.600000000000037,0.030953510436432637,0.8566176470588235,0.0,0.11242884250474383,-0.09487666034155424,-0.06107685009487666,0.10258538899430568
21.70000000000004,0.031309297912713474,0.859938330170778,0.0,0.10875237191650854,-0.10910815939278765,-0.061669829222011384,0.088946869070207
21.80000000000004,0.03498576850094877,0.8634962049335864,0.0,0.1015180265654649,-0.11681688804553907,-0.05336812144212351,0.09487666034155424
21.90000000000004,0.03569734345351044,0.8623102466793169,0.0,0.10199240986717267,-0.10673624288424875,-0.05218216318785406,0.10970113851992237
22.000000000000043,0.03439278937381404,0.8624288425047438,0.0,0.10317836812144213,-0.10495730550284457,-0.056333017077798864,0.1150379506641349
22.100000000000044,0.033681214421252374,0.8618358633776091,0.0,0.10448292220113851,-0.09606261859582543,-0.05218216318785579,0.10199240986717095
22.200000000000045,0.03320683111954459,0.8629032258064516,0.0,0.1038899430740038,-0.09724857685009315,-0.05099620493358634,0.09428368121442125
22.300000000000047,0.034274193548387094,0.8633776091081594,0.0,0.1023481973434535,-0.1031783681214404,-0.05336812144212351,0.10139943074003623
22.40000000000005,0.033562618595825426,0.8639705882352942,0.0,0.10246679316888045,-0.09784155597722788,-0.04981024667931516,0.11088709677419183
22.50000000000005,0.031665085388994305,0.8611242884250474,0.0,0.10721062618595825,-0.10732922201138348,-0.05218216318785579,0.10673624288424875
22.60000000000005,0.033681214421252374,0.8634962049335864,0.0,0.1028225806451613,-0.1073292220113852,-0.056333017077798864,0.10258538899430568
22.700000000000053,0.03261385199240987,0.8631404174573055,0.0,0.10424573055028463,-0.10021347248576677,-0.05455407969639296,0.10970113851992237
22.800000000000054,0.03178368121442125,0.8633776091081594,0.0,0.10483870967741936,-0.10910815939278765,-0.05277514231498879,0.10792220113851819
22.900000000000055,0.03285104364326376,0.8626660341555977,0.0,0.10448292220113851,-0.11563092979126963,-0.05158918406072106,0.10436432637571158
23.000000000000057,0.034037001897533205,0.8631404174573055,0.0,0.1028225806451613,-0.11563092979126963,-0.05218216318785579,0.10970113851992237
23.10000000000006,0.034037001897533205,0.8615986717267552,0.0,0.10436432637571158,-0.10495730550284457,-0.05514705882352941,0.11681688804553907
23.20000000000006,0.031665085388994305,0.8618358633776091,0.0,0.10649905123339659,-0.10139943074003623,-0.056333017077797136,0.10970113851992237
23.30000000000006,0.03237666034155598,0.8621916508538899,0.0,0.10543168880455409,-0.11266603415559599,-0.053961100569258236,0.11563092979126963
23.400000000000063,0.03107210626185958,0.8602941176470589,0.0,0.10863377609108159,-0.10377134724857512,-0.056333017077798864,0.10732922201138348
23.500000000000064,0.031665085388994305,0.8632590132827325,0.0,0.10507590132827324,-0.09724857685009487,-0.05751897533206831,0.09191176470588062
23.600000000000065,0.03213946869070209,0.8649193548387096,0.0,0.10294117647058823,-0.09902751423149733,-0.05811195445920131,0.0978415559772296
23.700000000000067,0.031902277039848194,0.8669354838709677,0.0,0.10116223908918406,-0.09724857685009315,-0.051589184060719336,0.1008064516129015
23.800000000000068,0.031427893738140415,0.8653937381404174,0.0,0.10317836812144213,-0.10792220113851819,-0.04150853889943074,0.10199240986717095
23.90000000000007,0.03308823529411765,0.8631404174573055,0.0,0.10377134724857685,-0.10732922201138348,-0.04743833017077799,0.10199240986717095
24.00000000000007,0.03249525616698292,0.8639705882352942,0.0,0.10353415559772296,-0.0930977229601518,-0.056925996204933584,0.10139943074003623
24.100000000000072,0.031427893738140415,0.8656309297912713,0.0,0.10294117647058823,-0.0913187855787459,-0.05455407969639296,0.10792220113851819
24.200000000000074,0.029174573055028463,0.864207779886148,0.0,0.10661764705882353,-0.10377134724857512,-0.05811195445920131,0.0984345351043626
24.300000000000075,0.03249525616698292,0.8691888045540797,0.0,0.09831593927893738,-0.11266603415559599,-0.05514705882352941,0.0907258064516129
24.400000000000077,0.033562618595825426,0.8681214421252372,0.0,0.09831593927893738,-0.10495730550284457,-0.046252371916508536,0.10021347248576677
24.500000000000078,0.033444022770398485,0.8676470588235294,0.0,0.0989089184060721,-0.10673624288424875,-0.05218216318785579,0.10910815939278765
24.60000000000008,0.03308823529411765,0.8671726755218216,0.0,0.09973908918406073,-0.1055502846299793,-0.05751897533206658,0.1055502846299793
24.70000000000008,0.033444022770398485,0.8695445920303605,0.0,0.09701138519924099,-0.09369070208728653,-0.05692599620493186,0.10199240986717095
24.800000000000082,0.031427893738140415,0.8695445920303605,0.0,0.09902751423149905,-0.09784155597722788,-0.05218216318785579,0.10258538899430568
24.900000000000084,0.03249525616698292,0.8699003795066413,0.0,0.09760436432637572,-0.1150379506641349,-0.048624288425047436,0.1031783681214404
25.000000000000085,0.033799810246679315,0.8683586337760911,0.0,0.0978415559772296,-0.11207305502846127,-0.04565939278937209,0.1025853889943074
25.100000000000087,0.03439278937381404,0.8676470588235294,0.0,0.09796015180265655,-0.09487666034155424,-0.04447343453510264,0.10021347248576677
25.200000000000088,0.03273244781783681,0.8661053130929791,0.0,0.10116223908918406,-0.09309772296015008,-0.05158918406072106,0.1031783681214404
25.30000000000009,0.03237666034155598,0.8676470588235294,0.0,0.09997628083491461,-0.1031783681214404,-0.04981024667931689,0.09902751423149733
25.40000000000009,0.033562618595825426,0.8662239089184061,0.0,0.1002134724857685,-0.11385199240986717,-0.04921726755218216,0.09784155597722788
25.500000000000092,0.03557874762808349,0.8677656546489564,0.0,0.09665559772296015,-0.11681688804553907,-0.058704933586336036,0.1049573055028463
25.600000000000094,0.035934535104364326,0.868714421252372,0.0,0.09535104364326376,-0.10139943074003623,-0.05099620493358461,0.11385199240986545
25.700000000000095,0.03308823529411765,0.8653937381404174,0.0,0.1015180265654649,-0.09013282732447646,-0.05455407969639469,0.11444497153700017
25.800000000000097,0.03107210626185958,0.8676470588235294,0.0,0.10128083491461101,-0.1055502846299793,-0.056333017077798864,0.09428368121441953
25.900000000000098,0.0353415559772296,0.8690702087286527,0.0,0.09558823529411764,-0.10851518026565292,-0.053961100569258236,0.09309772296015008
26.0000000000001,0.03415559772296015,0.870611954459203,0.0,0.09523244781783681,-0.09724857685009315,-0.05336812144212351,0.10614326375711403
26.1000000000001,0.033562618595825426,0.8691888045540797,0.0,0.09724857685009487,-0.09369070208728653,-0.045659392789373816,0.11325901328273072
26.200000000000102,0.03024193548387097,0.8662239089184061,0.0,0.10353415559772296,-0.1055502846299793,-0.05218216318785579,0.11385199240986545
26.300000000000104,0.031902277039848194,0.8672912713472486,0.0,0.10080645161290322,-0.11622390891840434,-0.06285578747628083,0.09665559772295843
26.400000000000105,0.03415559772296015,0.8720351043643264,0.0,0.09380929791271347,-0.11622390891840434,-0.06404174573054856,0.09487666034155598
26.500000000000107,0.036171726755218216,0.8739326375711575,0.0,0.08989563567362428,-0.11444497153700017,-0.06048387096774021,0.11622390891840434
26.600000000000108,0.033799810246679315,0.8729838709677419,0.0,0.09321631878557875,-0.11088709677419183,-0.06226280834914611,0.12037476280834743
26.70000000000011,0.034274193548387094,0.8747628083491461,0.0,0.09096299810246679,-0.11207305502846127,-0.059297912713472484,0.10970113851992237
26.80000000000011,0.034274193548387094,0.8747628083491461,0.0,0.09096299810246679,-0.10673624288424875,-0.05455407969639296,0.10792220113851819
26.900000000000112,0.034037001897533205,0.875,0.0,0.09096299810246679,-0.10495730550284457,-0.05574003795066241,0.1031783681214404
27.000000000000114,0.03462998102466793,0.8764231499051234,0.0,0.08894686907020873,-0.1073292220113852,-0.05811195445920304,0.10732922201138348
27.100000000000115,0.034037001897533205,0.8767789373814042,0.0,0.08918406072106262,-0.09250474383301535,-0.05277514231499051,0.11444497153700017
27.200000000000117,0.03024193548387097,0.8746442125237192,0.0,0.09511385199240986,-0.09013282732447646,-0.053961100569258236,0.1031783681214404
27.300000000000118,0.031427893738140415,0.8777277039848197,0.0,0.09084440227703985,-0.1102941176470571,-0.05277514231498879,0.10317836812144213
27.40000000000012,0.031665085388994305,0.875118595825427,0.0,0.09321631878557875,-0.12096774193548214,-0.05277514231499051,0.1055502846299793
27.50000000000012,0.03451138519924098,0.8777277039848197,0.0,0.08776091081593927,-0.11207305502846127,-0.05277514231499051,0.09784155597722788
27.600000000000122,0.03451138519924098,0.8766603415559773,0.0,0.08882827324478178,-0.1031783681214404,-0.048031309297912717,0.1031783681214404
27.700000000000124,0.03451138519924098,0.8763045540796964,0.0,0.08918406072106262,-0.09902751423149905,-0.043880455407967915,0.1031783681214404
27.800000000000125,0.033681214421252374,0.8735768500948766,0.0,0.09274193548387097,-0.1025853889943074,-0.046252371916506815,0.10436432637570985
27.900000000000126,0.03415559772296015,0.8739326375711575,0.0,0.09191176470588236,-0.12037476280834569,-0.05099620493358634,0.10495730550284457
28.000000000000128,0.03676470588235294,0.8729838709677419,0.0,0.09025142314990513,-0.12571157495255822,-0.04447343453510436,0.1073292220113852
28.10000000000013,0.03783206831119545,0.8702561669829222,0.0,0.09191176470588236,-0.11325901328273245,-0.048624288425047436,0.10614326375711575
28.20000000000013,0.03818785578747628,0.8712049335863378,0.0,0.09060721062618596,-0.10673624288425047,-0.04803130929791099,0.10317836812143867
28.300000000000132,0.038543643263757116,0.8688330170777988,0.0,0.09262333965844402,-0.1013994307400345,-0.04743833017077626,0.11622390891840262
28.400000000000134,0.03522296015180266,0.8669354838709677,0.0,0.0978415559772296,-0.1013994307400345,-0.048624288425047436,0.11622390891840607
28.500000000000135,0.03557874762808349,0.8650379506641366,0.0,0.09938330170777988,-0.09902751423149905,-0.04743833017077799,0.10377134724857685
28.600000000000136,0.034274193548387094,0.8651565464895635,0.0,0.10056925996204934,-0.0978415559772296,-0.053961100569259964,0.10614326375711229
28.700000000000138,0.033918406072106264,0.8653937381404174,0.0,0.10068785578747629,-0.11148007590132827,-0.05277514231498879,0.11148007590132482
28.80000000000014,0.034274193548387094,0.8639705882352942,0.0,0.10175521821631879,-0.11444497153699845,-0.05099620493358461,0.11325901328273245
28.90000000000014,0.03415559772296015,0.8631404174573055,0.0,0.10270398481973435,-0.11266603415559427,-0.05040322580645161,0.10792220113851993
29.000000000000142,0.03522296015180266,0.8625474383301708,0.0,0.10222960151802657,-0.1097011385199241,-0.04743833017077799,0.112073055028463
29.100000000000144,0.033681214421252374,0.8597011385199241,0.0,0.10661764705882353,-0.1073292220113852,-0.048031309297912717,0.10970113851992065
29.200000000000145,0.03474857685009488,0.8598197343453511,0.0,0.10543168880455409,-0.09962049335863032,-0.051589184060719336,0.09962049335863032
29.300000000000146,0.033681214421252374,0.8604127134724858,0.0,0.10590607210626186,-0.09962049335863032,-0.04565939278937209,0.11088709677419355
29.400000000000148,0.03249525616698292,0.8559060721062619,0.0,0.11159867172675522,-0.10851518026565465,-0.03972960151802656,0.10673624288425047
29.50000000000015,0.034037001897533205,0.8549573055028463,0.0,0.1110056925996205,-0.1168168880455408,-0.04447343453510436,0.09724857685009143
29.60000000000015,0.036408918406072105,0.8542457305502846,0.0,0.10934535104364326,-0.11859582542694153,-0.04506641366223909,0.10258538899430394
29.700000000000152,0.03723908918406072,0.8524667931688804,0.0,0.11029411764705882,-0.1037713472485734,-0.04684535104364326,0.10139943074003795
29.800000000000153,0.036883301707779884,0.8527039848197343,0.0,0.11041271347248577,-0.09606261859582543,-0.05336812144212351,0.10851518026565465
29.900000000000155,0.03474857685009488,0.8521110056925996,0.0,0.1131404174573055,-0.10555028462998102,-0.05989089184060548,0.1097011385199241
30.000000000000156,0.036053130929791274,0.8547201138519924,0.0,0.10922675521821631,-0.12274667931688804,-0.059297912713472484,0.10970113851992065
30.100000000000158,0.03735768500948767,0.8538899430740038,0.0,0.10875237191650854,-0.1322343453510402,-0.05574003795066414,0.12630455407969293
30.20000000000016,0.03723908918406072,0.8517552182163188,0.0,0.1110056925996205,-0.11681688804553735,-0.046252371916506815,0.12037476280834915
30.30000000000016,0.036646110056925994,0.8483159392789373,0.0,0.11503795066413662,-0.10199240986717267,-0.041508538899429015,0.10910815939278938
30.400000000000162,0.03581593927893738,0.8465370018975332,0.0,0.11764705882352941,-0.10910815939278938,-0.06048387096774194,0.10673624288424702
30.500000000000163,0.03712049335863377,0.8511622390891841,0.0,0.11171726755218217,-0.11207305502845955,-0.061669829222011384,0.10673624288424702
30.600000000000165,0.036883301707779884,0.8498576850094877,0.0,0.11325901328273245,-0.10258538899430394,-0.046252371916508536,0.10851518026565465
30.700000000000166,0.035934535104364326,0.8479601518026565,0.0,0.11610531309297913,-0.10377134724857685,-0.04565939278937209,0.1073292220113852
30.800000000000168,0.036171726755218216,0.8466555977229602,0.0,0.11717267552182163,-0.11622390891840607,-0.05277514231498879,0.11859582542694153
30.90000000000017,0.03546015180265655,0.8453510436432637,0.0,0.1191888045540797,-0.11325901328273245,-0.048624288425047436,0.12689753320682767
31.00000000000017,0.033444022770398485,0.8407258064516129,0.0,0.1258301707779886,-0.10436432637570812,-0.04447343453510436,0.11148007590132827
31.100000000000172,0.034037001897533205,0.8408444022770398,0.0,0.12511859582542695,-0.10258538899430394,-0.05158918406072106,0.09131878557874763
31.200000000000173,0.03569734345351044,0.8430977229601518,0.0,0.12120493358633776,-0.11503795066413662,-0.053961100569258236,0.09369070208728653
31.300000000000175,0.038306451612903226,0.8436907020872866,0.0,0.11800284629981024,-0.11622390891840607,-0.05514705882352769,0.10792220113851647
31.400000000000176,0.03735768500948767,0.8435721062618596,0.0,0.11907020872865275,-0.11681688804553735,-0.053961100569259964,0.11266603415559427
31.500000000000178,0.03913662239089184,0.842741935483871,0.0,0.11812144212523719,-0.12096774193548042,-0.06226280834914611,0.11325901328273245
31.60000000000018,0.03889943074003795,0.8458254269449715,0.0,0.11527514231499052,-0.10792220113851993,-0.06759962049335691,0.11622390891840607
31.70000000000018,0.03747628083491461,0.8465370018975332,0.0,0.11598671726755218,-0.11978178368121442,-0.06048387096774021,0.11859582542694153
31.800000000000182,0.03913662239089184,0.8462998102466793,0.0,0.11456356736242884,-0.1328273244781749,-0.06226280834914611,0.11859582542694153
31.900000000000183,0.04032258064516129,0.8477229601518027,0.0,0.11195445920303605,-0.10792220113851647,-0.05455407969639469,0.12333965844402277
32.000000000000185,0.036053130929791274,0.8434535104364327,0.0,0.1204933586337761,-0.0930977229601518,-0.05099620493358461,0.11740986717267553
32.100000000000186,0.03546015180265655,0.844639468690702,0.0,0.11990037950664137,-0.10910815939278938,-0.05455407969639296,0.0978415559772296
32.20000000000019,0.038306451612903226,0.8457068311195446,0.0,0.11598671726755218,-0.11029411764705882,-0.04743833017077799,0.10555028462997758
32.30000000000019,0.036408918406072105,0.8425047438330171,0.0,0.12108633776091082,-0.09250474383301363,-0.04506641366223909,0.1180028462998068
32.40000000000019,0.03320683111954459,0.8401328273244781,0.0,0.12666034155597722,-0.09784155597722614,-0.04743833017077799,0.1025853889943074
32.50000000000019,0.03546015180265655,0.8409629981024668,0.0,0.12357685009487666,-0.11266603415559773,-0.05099620493358461,0.0930977229601518
32.60000000000019,0.03712049335863377,0.8419117647058824,0.0,0.12096774193548387,-0.10614326375711575,-0.061076850094874936,0.10732922201138174
32.700000000000195,0.03522296015180266,0.8439278937381404,0.0,0.12084914611005693,-0.08894686907020873,-0.061669829222011384,0.10732922201138174
32.800000000000196,0.033444022770398485,0.8451138519924098,0.0,0.12144212523719165,-0.08776091081593583,-0.05574003795066414,0.09250474383301707
32.9000000000002,0.034274193548387094,0.8477229601518027,0.0,0.11800284629981024,-0.10436432637570812,-0.05514705882352769,0.1002134724857685
33.0000000000002,0.034274193548387094,0.847129981024668,0.0,0.11859582542694497,-0.10851518026565465,-0.056333017077797136,0.10792220113851993
33.1000000000002,0.03439278937381404,0.8486717267552182,0.0,0.11693548387096774,-0.10851518026565465,-0.06937855787476281,0.11029411764705538
33.2000000000002,0.033918406072106264,0.8528225806451613,0.0,0.11325901328273245,-0.10732922201138174,-0.06937855787476281,0.1085151802656512
33.3000000000002,0.03415559772296015,0.8547201138519924,0.0,0.11112428842504744,-0.1013994307400345,-0.058704933586336036,0.10792220113851993
33.400000000000205,0.03261385199240987,0.8547201138519924,0.0,0.11266603415559773,-0.09724857685009487,-0.05277514231498879,0.10436432637571158
33.500000000000206,0.03273244781783681,0.8549573055028463,0.0,0.11231024667931688,-0.09369070208728653,-0.05158918406072106,0.09724857685009487
33.60000000000021,0.031902277039848194,0.8559060721062619,0.0,0.11219165085388995,-0.10199240986717267,-0.056925996204933584,0.10910815939278593
33.70000000000021,0.031309297912713474,0.8559060721062619,0.0,0.11278462998102466,-0.11088709677419009,-0.061076850094874936,0.11029411764705538
33.80000000000021,0.03202087286527514,0.8582779886148008,0.0,0.1097011385199241,-0.10732922201138174,-0.05811195445920131,0.09902751423149905
33.90000000000021,0.0329696394686907,0.8593453510436433,0.0,0.10768500948766603,-0.1025853889943074,-0.05751897533206831,0.10139943074003795
34.00000000000021,0.03225806451612903,0.8610056925996205,0.0,0.10673624288425047,-0.11325901328273245,-0.05574003795066414,0.10021347248576505
34.100000000000215,0.03557874762808349,0.8615986717267552,0.0,0.1028225806451613,-0.12156072106261515,-0.048031309297912717,0.10673624288424702
34.200000000000216,0.03522296015180266,0.8588709677419355,0.0,0.10590607210626186,-0.1180028462998068,-0.04803130929791099,0.1073292220113852
34.30000000000022,0.0377134724857685,0.8593453510436433,0.0,0.10294117647058823,-0.11385199240986717,-0.04981024667931516,0.1097011385199241
34.40000000000022,0.036053130929791274,0.8568548387096774,0.0,0.1070920303605313,-0.10317836812144213,-0.05158918406072106,0.10851518026565465
34.50000000000022,0.036646110056925994,0.8582779886148008,0.0,0.10507590132827324,-0.10080645161290322,-0.06048387096774194,0.09487666034155252
34.60000000000022,0.03723908918406072,0.862073055028463,0.0,0.10068785578747629,-0.09724857685009143,-0.06226280834914438,0.10317836812143867
34.70000000000022,0.03546015180265655,0.8625474383301708,0.0,0.10199240986717267,-0.10199240986716922,-0.05336812144212351,0.1097011385199241
34.800000000000225,0.03569734345351044,0.8614800759013282,0.0,0.1028225806451613,-0.11740986717267553,-0.05099620493358634,0.10910815939278938
34.900000000000226,0.03712049335863377,0.8611242884250474,0.0,0.10175521821631879,-0.11325901328273245,-0.056925996204933584,0.11088709677419009
35.00000000000023,0.036171726755218216,0.862073055028463,0.0,0.10175521821631879,-0.10970113851992065,-0.05751897533206658,0.113259013282729
35.10000000000023,0.036408918406072105,0.8614800759013282,0.0,0.10211100569259962,-0.10258538899430394,-0.05574003795066241,0.10614326375711575
35.20000000000023,0.03546015180265655,0.8631404174573055,0.0,0.10139943074003795,-0.1025853889943074,-0.05336812144212524,0.10317836812144213
35.30000000000023,0.036290322580645164,0.8621916508538899,0.0,0.1015180265654649,-0.10199240986717267,-0.04210151802656546,0.1191888045540797
35.40000000000023,0.03202087286527514,0.8561432637571158,0.0,0.1118358633776091,-0.10199240986717267,-0.04743833017077799,0.11444497153699845
35.500000000000234,0.033799810246679315,0.8582779886148008,0.0,0.10792220113851993,-0.10021347248576505,-0.05040322580644989,0.09487666034155252
35.600000000000236,0.03308823529411765,0.8573292220113852,0.0,0.10958254269449716,-0.09843453510436087,-0.04210151802656374,0.0954696394686907
35.70000000000024,0.03439278937381404,0.8560246679316889,0.0,0.10958254269449716,-0.10436432637571158,-0.05099620493358634,0.1002134724857685
35.80000000000024,0.033918406072106264,0.857685009487666,0.0,0.1083965844402277,-0.1002134724857685,-0.05040322580645161,0.11088709677419009
35.90000000000024,0.03225806451612903,0.8540085388994307,0.0,0.11373339658444023,-0.10614326375711575,-0.043287476280834916,0.1085151802656512
36.00000000000024,0.033444022770398485,0.853296963946869,0.0,0.11325901328273245,-0.10970113851992065,-0.04150853889943074,0.09724857685009487
36.10000000000024,0.03474857685009488,0.8511622390891841,0.0,0.11408918406072106,-0.10792220113851647,-0.049217267552180435,0.10080645161290322
36.200000000000244,0.03486717267552182,0.8528225806451613,0.0,0.11231024667931688,-0.11385199240986717,-0.05751897533206658,0.11029411764705882
36.300000000000246,0.03546015180265655,0.8521110056925996,0.0,0.11242884250474383,-0.11029411764705882,-0.05574003795066414,0.11681688804553735
36.40000000000025,0.033562618595825426,0.8517552182163188,0.0,0.11468216318785579,-0.11148007590132482,-0.05751897533206831,0.11207305502845955
36.50000000000025,0.0353415559772296,0.8527039848197343,0.0,0.11195445920303605,-0.11978178368121097,-0.06048387096774021,0.1097011385199241
36.60000000000025,0.03557874762808349,0.8540085388994307,0.0,0.11041271347248577,-0.11148007590132827,-0.05751897533206658,0.1144449715370019
36.70000000000025,0.03474857685009488,0.8528225806451613,0.0,0.11242884250474383,-0.10080645161290322,-0.05158918406072106,0.11740986717267207
36.80000000000025,0.03225806451612903,0.8511622390891841,0.0,0.1165796963946869,-0.09724857685009487,-0.04981024667931689,0.10317836812143867
36.900000000000254,0.033562618595825426,0.8521110056925996,0.0,0.11432637571157495,-0.10732922201138174,-0.05158918406072106,0.10139943074003795
37.000000000000256,0.033444022770398485,0.8515180265654649,0.0,0.11503795066413662,-0.10614326375711229,-0.061076850094874936,0.1097011385199241
37.10000000000026,0.03285104364326376,0.8546015180265655,0.0,0.11254743833017078,-0.10139943074003795,-0.053961100569258236,0.1049573055028463
37.20000000000026,0.03273244781783681,0.8521110056925996,0.0,0.11515654648956357,-0.09250474383301707,-0.05336812144212524,0.10080645161289978
37.30000000000026,0.031190702087286526,0.855787476280835,0.0,0.11302182163187856,-0.0907258064516129,-0.061669829222011384,0.09784155597722614
37.40000000000026,0.031309297912713474,0.8572106261859582,0.0,0.11148007590132827,-0.10199240986716922,-0.056333017077797136,0.09606261859582543
37.50000000000026,0.03237666034155598,0.8591081593927894,0.0,0.10851518026565465,-0.11207305502845955,-0.049217267552180435,0.09487666034155598
37.600000000000264,0.03474857685009488,0.8579222011385199,0.0,0.1073292220113852,-0.10792220113851993,-0.04684535104364326,0.09369070208728653
37.700000000000266,0.03522296015180266,0.8591081593927894,0.0,0.10566888045540797,-0.10792220113851993,-0.05336812144212524,0.09546963946868725
37.80000000000027,0.03723908918406072,0.8601755218216319,0.0,0.1025853889943074,-0.11385199240986373,-0.05514705882352769,0.11681688804553735
37.90000000000027,0.03462998102466793,0.857803605313093,0.0,0.10756641366223908,-0.0966555977229567,-0.05811195445920131,0.1144449715370019
38.00000000000027,0.033681214421252374,0.8602941176470589,0.00011859582542694497,0.10590607210626186,-0.09250474383301707,-0.05574003795066414,0.10139943074003795
38.10000000000027,0.03285104364326376,0.8598197343453511,0.0,0.1073292220113852,-0.10377134724857685,-0.053961100569259964,0.10614326375711575
38.20000000000027,0.03320683111954459,0.8608870967741935,0.0,0.10590607210626186,-0.10080645161290322,-0.056333017077798864,0.09724857685009143
38.300000000000274,0.033562618595825426,0.8629032258064516,0.0,0.10353415559772296,-0.10317836812143867,-0.051589184060719336,0.09724857685009143
38.400000000000276,0.03439278937381404,0.862073055028463,0.0,0.10353415559772296,-0.10614326375711229,-0.046252371916506815,0.10080645161290322
38.50000000000028,0.03462998102466793,0.8612428842504743,0.0,0.10412713472485768,-0.1097011385199241,-0.04210151802656546,0.10555028462998102
38.60000000000028,0.03522296015180266,0.857803605313093,0.0,0.10697343453510437,-0.11563092979127135,-0.043880455407969636,0.10614326375711229
38.70000000000028,0.03652751423149905,0.8575664136622391,0.0,0.10590607210626186,-0.11088709677419009,-0.04684535104364326,0.11266603415559427
38.80000000000028,0.03486717267552182,0.8540085388994307,0.0,0.11112428842504744,-0.11444497153699845,-0.04210151802656374,0.11859582542694497
38.90000000000028,0.03569734345351044,0.8506878557874763,0.0,0.11361480075901328,-0.1025853889943074,-0.039136622390890115,0.10673624288425047
39.000000000000284,0.034037001897533205,0.8483159392789373,0.0,0.11764705882352941,-0.09843453510436433,-0.04921726755218216,0.10792220113851993
39.100000000000286,0.033799810246679315,0.8487903225806451,0.0,0.11740986717267553,-0.10555028462998102,-0.05989089184060721,0.11029411764705538
39.20000000000029,0.03308823529411765,0.8502134724857685,0.0,0.11669829222011385,-0.10495730550284285,-0.061669829222011384,0.11029411764705538
39.30000000000029,0.03273244781783681,0.851399430740038,0.0,0.11586812144212524,-0.11444497153699845,-0.053961100569258236,0.10851518026565465
39.40000000000029,0.034274193548387094,0.8500948766603416,0.0,0.11563092979127135,-0.11385199240986717,-0.04981024667931516,0.112073055028463
39.50000000000029,0.03308823529411765,0.8489089184060721,0.0,0.11800284629981024,-0.10139943074003795,-0.05218216318785579,0.11029411764705538
39.60000000000029,0.03249525616698292,0.8489089184060721,0.0,0.11859582542694497,-0.09843453510436433,-0.048624288425047436,0.10555028462997758
39.700000000000294,0.031665085388994305,0.8472485768500949,0.0,0.12108633776091082,-0.09724857685009143,-0.05455407969639296,0.1002134724857685
39.800000000000296,0.031902277039848194,0.8506878557874763,0.0,0.11740986717267553,-0.1013994307400345,-0.06344876660341384,0.1049573055028463
39.9000000000003,0.030953510436432637,0.8516366223908919,0.0,0.11740986717267553,-0.11266603415559773,-0.05751897533206831,0.1002134724857685
40.0000000000003,0.03439278937381404,0.8536527514231499,0.0,0.11195445920303605,-0.1168168880455408,-0.056925996204933584,0.09250474383301363
40.1000000000003,0.03581593927893738,0.8559060721062619,0.0,0.10827798861480076,-0.11503795066413317,-0.059297912713472484,0.10436432637570812
40.2000000000003,0.03652751423149905,0.8564990512333965,0.0,0.10697343453510437,-0.10199240986716922,-0.058704933586336036,0.11029411764705882
40.3000000000003,0.03415559772296015,0.8573292220113852,0.0,0.10851518026565465,-0.10377134724857685,-0.056333017077797136,0.11325901328273245
40.400000000000304,0.03462998102466793,0.8563804554079696,0.0,0.10898956356736243,-0.1097011385199241,-0.05514705882352941,0.11266603415559427
40.500000000000306,0.033562618595825426,0.8568548387096774,0.0,0.10958254269449716,-0.10199240986717267,-0.056333017077798864,0.10258538899430394
40.60000000000031,0.03451138519924098,0.8583965844402277,0.0,0.1070920303605313,-0.11207305502845955,-0.05336812144212351,0.1002134724857685
40.70000000000031,0.035934535104364326,0.8581593927893738,0.0,0.10590607210626186,-0.11859582542694153,-0.05455407969639296,0.10851518026565465
40.80000000000031,0.03652751423149905,0.8585151802656547,0.0,0.1049573055028463,-0.11266603415559773,-0.05218216318785579,0.1073292220113852
40.90000000000031,0.03700189753320683,0.8575664136622391,0.0,0.10543168880455409,-0.11859582542694497,-0.05099620493358634,0.1085151802656512
41.00000000000031,0.038543643263757116,0.8572106261859582,0.0,0.10424573055028463,-0.10614326375711229,-0.04743833017077799,0.1085151802656512
41.100000000000314,0.03652751423149905,0.8548387096774194,0.0,0.10863377609108159,-0.09843453510436087,-0.05218216318785406,0.1097011385199241
41.200000000000315,0.036290322580645164,0.8561432637571158,0.0,0.10756641366223908,-0.10851518026565465,-0.056333017077797136,0.1144449715370019
41.30000000000032,0.0353415559772296,0.8544829222011385,0.0,0.11017552182163187,-0.10792220113851993,-0.05574003795066414,0.11088709677419009
41.40000000000032,0.03569734345351044,0.8562618595825426,0.0,0.10804079696394688,-0.10377134724857685,-0.056333017077798864,0.10555028462997758
41.50000000000032,0.03498576850094877,0.8559060721062619,0.0,0.10910815939278938,-0.11029411764705538,-0.05277514231498879,0.10199240986717267
41.60000000000032,0.03735768500948767,0.8569734345351043,0.0,0.10566888045540797,-0.11029411764705538,-0.05218216318785406,0.11385199240986717
41.70000000000032,0.034274193548387094,0.8540085388994307,0.0,0.11171726755218217,-0.10139943074003795,-0.048031309297912717,0.11029411764705882
41.800000000000324,0.03557874762808349,0.8541271347248577,0.0,0.11029411764705882,-0.1049573055028463,-0.046252371916508536,0.10080645161289978
41.900000000000325,0.03510436432637571,0.8523481973434535,0.0,0.11254743833017078,-0.10732922201138174,-0.05751897533206831,0.1180028462998068
42.00000000000033,0.033444022770398485,0.8535341555977229,0.0,0.11302182163187856,-0.10614326375711229,-0.06463472485768329,0.11622390891840607
42.10000000000033,0.03308823529411765,0.8549573055028463,0.0,0.11195445920303605,-0.09665559772296015,-0.06048387096774021,0.10555028462998102
42.20000000000033,0.031665085388994305,0.8566176470588235,0.0,0.11171726755218217,-0.0978415559772296,-0.056925996204933584,0.09784155597722614
42.30000000000033,0.03308823529411765,0.8581593927893738,0.0,0.10875237191650854,-0.10377134724857685,-0.04921726755218216,0.08123814041745385
42.40000000000033,0.036171726755218216,0.860056925996205,0.0,0.10377134724857685,-0.1013994307400345,-0.05218216318785406,0.09369070208728653
42.500000000000334,0.03462998102466793,0.8602941176470589,0.0,0.10507590132827324,-0.10021347248576505,-0.05574003795066241,0.10555028462998102
42.600000000000335,0.03510436432637571,0.8612428842504743,0.0,0.1036527514231499,-0.11978178368121442,-0.056925996204933584,0.09606261859582543
42.70000000000034,0.03937381404174573,0.8638519924098672,0.0,0.0967741935483871,-0.12452561669829222,-0.0670066413662239,0.11148007590132482
42.80000000000034,0.0377134724857685,0.8657495256166983,0.0,0.09653700189753321,-0.11207305502845955,-0.056333017077797136,0.11859582542694153
42.90000000000034,0.03806925996204934,0.8626660341555977,0.0,0.09926470588235294,-0.11088709677419009,-0.04506641366223736,0.10792220113851993
43.00000000000034,0.038306451612903226,0.8621916508538899,0.0,0.09950189753320683,-0.11325901328273245,-0.05099620493358634,0.11563092979127135
43.10000000000034,0.03759487666034156,0.859938330170778,0.0,0.10246679316888045,-0.11622390891840607,-0.048031309297912717,0.11622390891840607
43.200000000000344,0.038306451612903226,0.8581593927893738,0.0,0.10353415559772296,-0.112073055028463,-0.04743833017077799,0.11444497153699845
43.300000000000345,0.03712049335863377,0.8560246679316889,0.0,0.10685483870967742,-0.10021347248576505,-0.04506641366223736,0.11563092979126789
43.40000000000035,0.03522296015180266,0.8530597722960152,0.0,0.11171726755218217,-0.09072580645160945,-0.04565939278937209,0.1097011385199241
43.50000000000035,0.03332542694497154,0.8523481973434535,0.0,0.11432637571157495,-0.09191176470588236,-0.05099620493358634,0.10792220113851993
43.60000000000035,0.03202087286527514,0.8518738140417458,0.0,0.11610531309297913,-0.10199240986717267,-0.05514705882352941,0.10732922201138174
43.70000000000035,0.03225806451612903,0.8529411764705882,0.0,0.11480075901328274,-0.11859582542694153,-0.059297912713472484,0.10258538899430394
43.80000000000035,0.03522296015180266,0.8550759013282733,0.0,0.1097011385199241,-0.10732922201138174,-0.04565939278937209,0.0978415559772296
43.900000000000354,0.03415559772296015,0.8516366223908919,0.0,0.11420777988614801,-0.10673624288425047,-0.051589184060719336,0.10080645161290322
44.000000000000355,0.036408918406072105,0.8555502846299811,0.0,0.10804079696394688,-0.10377134724857685,-0.06463472485768501,0.10555028462998102
44.10000000000036,0.033799810246679315,0.8563804554079696,0.0,0.10981973434535104,-0.1002134724857685,-0.05158918406072106,0.10910815939278593
44.20000000000036,0.03462998102466793,0.8543643263757116,0.0,0.1110056925996205,-0.113259013282729,-0.05099620493358461,0.10673624288424702
44.30000000000036,0.03510436432637571,0.8554316888045541,0.0,0.10946394686907021,-0.11444497153699845,-0.05692599620493186,0.10317836812144213
44.40000000000036,0.036883301707779884,0.8564990512333965,0.0,0.10661764705882353,-0.10792220113851993,-0.048031309297912717,0.10377134724857685
44.50000000000036,0.035934535104364326,0.8538899430740038,0.0,0.11017552182163187,-0.1049573055028463,-0.04506641366223909,0.11029411764705538
44.600000000000364,0.03581593927893738,0.8524667931688804,0.0,0.11171726755218217,-0.10732922201138174,-0.048031309297912717,0.10673624288424702
44.700000000000365,0.036053130929791274,0.8517552182163188,0.0,0.11219165085388995,-0.10436432637570812,-0.05099620493358461,0.10614326375711575
44.80000000000037,0.03546015180265655,0.8516366223908919,0.0,0.11290322580645161,-0.11859582542694497,-0.05099620493358461,0.1073292220113852
44.90000000000037,0.038306451612903226,0.8506878557874763,0.0,0.1110056925996205,-0.10673624288425047,-0.05040322580645161,0.10614326375711575
45.00000000000037,0.03557874762808349,0.8505692599620494,0.0,0.11385199240986717,-0.09250474383301707,-0.056925996204933584,0.10317836812143867
45.10000000000037,0.036171726755218216,0.8528225806451613,0.0,0.1110056925996205,-0.1013994307400345,-0.05989089184060721,0.10317836812143867
45.20000000000037,0.03522296015180266,0.8538899430740038,0.0,0.11088709677419355,-0.11385199240986373,-0.05989089184060548,0.10080645161290322
45.300000000000374,0.038780834914611005,0.8566176470588235,0.0,0.10460151802656546,-0.12274667931688804,-0.05455407969639296,0.09724857685009487
45.400000000000375,0.04032258064516129,0.8562618595825426,0.0,0.10341555977229601,-0.10436432637571158,-0.05099620493358634,0.12037476280834569
45.50000000000038,0.03557874762808349,0.8529411764705882,0.0,0.11148007590132827,-0.10080645161289978,-0.05099620493358634,0.11622390891840262
45.60000000000038,0.03723908918406072,0.853415559772296,0.0,0.10934535104364326,-0.11029411764705538,-0.04981024667931516,0.10199240986717267
45.70000000000038,0.03723908918406072,0.8524667931688804,0.0,0.11029411764705882,-0.10614326375711575,-0.05099620493358461,0.112073055028463
45.80000000000038,0.036053130929791274,0.851399430740038,0.0,0.11254743833017078,-0.10317836812144213,-0.053961100569259964,0.11325901328273245
45.90000000000038,0.03522296015180266,0.851399430740038,0.0,0.11337760910815939,-0.11088709677419355,-0.0670066413662239,0.10614326375711229
46.000000000000384,0.03700189753320683,0.8569734345351043,0.0,0.1060246679316888,-0.10970113851992065,-0.06937855787476108,0.11088709677419009
46.100000000000385,0.03498576850094877,0.8569734345351043,0.0,0.10804079696394688,-0.10317836812143867,-0.05574003795066241,0.1097011385199241
46.20000000000039,0.03569734345351044,0.8573292220113852,0.0,0.10697343453510437,-0.10139943074003795,-0.05336812144212524,0.1002134724857685
46.30000000000039,0.03522296015180266,0.8582779886148008,0.0,0.10649905123339659,-0.0954696394686907,-0.05336812144212524,0.10673624288424702
46.40000000000039,0.033444022770398485,0.8573292220113852,0.0,0.10922675521821631,-0.08242409867172676,-0.048624288425047436,0.10080645161289978
46.50000000000039,0.03154648956356736,0.8575664136622391,0.0,0.11088709677419355,-0.08894686907020528,-0.04981024667931516,0.09606261859582543
46.60000000000039,0.03202087286527514,0.8580407969639469,0.0,0.10993833017077799,-0.0990275142314956,-0.05099620493358461,0.10555028462998102
46.700000000000394,0.03024193548387097,0.8568548387096774,0.0,0.11290322580645161,-0.09843453510436433,-0.05099620493358634,0.09724857685009487
46.800000000000395,0.03225806451612903,0.8589895635673624,0.0,0.10875237191650854,-0.10317836812144213,-0.04921726755218216,0.09309772296014836
46.9000000000004,0.03225806451612903,0.8579222011385199,0.0,0.10981973434535104,-0.10436432637571158,-0.04743833017077799,0.10258538899430394
47.0000000000004,0.03261385199240987,0.8574478178368121,0.0,0.10993833017077799,-0.09724857685009143,-0.05455407969639296,0.11088709677419355
47.1000000000004,0.029530360531309297,0.8575664136622391,0.0,0.11290322580645161,-0.0966555977229567,-0.053961100569258236,0.10792220113851993
47.2000000000004,0.030360531309297913,0.8574478178368121,0.0,0.11219165085388995,-0.1049573055028463,-0.04921726755218216,0.08716793168880456
47.3000000000004,0.03308823529411765,0.8598197343453511,0.0,0.1070920303605313,-0.10080645161290322,-0.053961100569259964,0.09487666034155252
47.400000000000404,0.03154648956356736,0.860056925996205,0.0,0.1083965844402277,-0.11029411764705882,-0.04981024667931689,0.10970113851992065
47.500000000000405,0.03320683111954459,0.857803605313093,0.0,0.10898956356736243,-0.11918880455407624,-0.04743833017077626,0.10377134724857685
47.600000000000406,0.03462998102466793,0.8582779886148008,0.0,0.1070920303605313,-0.10673624288424702,-0.04328747628083319,0.10436432637571158
47.70000000000041,0.033681214421252374,0.8542457305502846,0.0,0.112073055028463,-0.1002134724857685,-0.04743833017077799,0.09428368121442125
47.80000000000041,0.03581593927893738,0.8583965844402277,0.0,0.10578747628083492,-0.1073292220113852,-0.06048387096774194,0.0919117647058789
47.90000000000041,0.03676470588235294,0.860056925996205,0.0,0.10317836812144213,-0.10792220113851647,-0.05811195445920131,0.11029411764705538
48.00000000000041,0.0353415559772296,0.8595825426944972,0.0,0.10507590132827324,-0.10673624288424702,-0.05336812144212351,0.1073292220113852
48.10000000000041,0.036646110056925994,0.859938330170778,0.0,0.10341555977229601,-0.10080645161290322,-0.05455407969639469,0.10555028462998102
48.200000000000415,0.03439278937381404,0.8602941176470589,0.0,0.10531309297912714,-0.09369070208728653,-0.06048387096774194,0.10851518026565465
48.300000000000416,0.033681214421252374,0.8624288425047438,0.0,0.1038899430740038,-0.10377134724857685,-0.05574003795066414,0.1037713472485734
48.40000000000042,0.03439278937381404,0.8618358633776091,0.0,0.10377134724857685,-0.11622390891840262,-0.05811195445920131,0.11622390891840262
48.50000000000042,0.033681214421252374,0.8624288425047438,0.0,0.1038899430740038,-0.10614326375711229,-0.05277514231498879,0.1097011385199241
48.60000000000042,0.033681214421252374,0.8610056925996205,0.0,0.10531309297912714,-0.09606261859582543,-0.05099620493358634,0.1049573055028463
48.70000000000042,0.031902277039848194,0.8618358633776091,0.0,0.1062618595825427,-0.10080645161290322,-0.05751897533206831,0.1013994307400345
48.80000000000042,0.033562618595825426,0.8637333965844403,0.0,0.10270398481973435,-0.09369070208728653,-0.04981024667931516,0.08420303605312748
48.900000000000425,0.033799810246679315,0.8649193548387096,0.0,0.10128083491461101,-0.09546963946868725,-0.043880455407967915,0.09013282732447818
49.000000000000426,0.03462998102466793,0.8632590132827325,0.0,0.10211100569259962,-0.11622390891840262,-0.04032258064516129,0.10614326375711575
49.10000000000043,0.03581593927893738,0.8598197343453511,0.0,0.10436432637571158,-0.12037476280834915,-0.05040322580645161,0.12037476280834915
49.20000000000043,0.03462998102466793,0.8593453510436433,0.0,0.1060246679316888,-0.112073055028463,-0.05751897533206831,0.12571157495255822
49.30000000000043,0.03308823529411765,0.857685009487666,0.0,0.10922675521821631,-0.11148007590132482,-0.05514705882352941,0.10555028462997758
49.40000000000043,0.03581593927893738,0.8602941176470589,0.0,0.1038899430740038,-0.113259013282729,-0.04743833017077799,0.10199240986717267
49.50000000000043,0.0353415559772296,0.8562618595825426,0.0,0.1083965844402277,-0.10851518026565465,-0.048031309297912717,0.11563092979127135
49.600000000000435,0.03439278937381404,0.8563804554079696,0.0,0.10922675521821631,-0.1025853889943074,-0.05277514231498706,0.10258538899430394
49.700000000000436,0.0353415559772296,0.8568548387096774,0.0,0.10780360531309298,-0.09606261859582543,-0.05158918406071761,0.09487666034155252
49.80000000000044,0.03462998102466793,0.8580407969639469,0.0,0.1073292220113852,-0.09013282732447472,-0.05811195445920304,0.1144449715370019
49.90000000000044,0.030479127134724858,0.8572106261859582,0.0,0.11231024667931688,-0.09013282732447818,-0.06522770398482663,0.14883776091081594
